080	true	Cuadro Ciudades MDF 10*30
082	true	Cuadro Ciudades MDF 30*30
083	true	Cuadro Ciudades MDF 30*40
084	true	Cuadro Beach MDF 10*30
085	true	Cuadro Beach MDF 20*30
086	true	Cuadro Beach MDF 30*30
087	true	Cuadro Beach MDF 30*40
088	true	Cuadro Romantic Pink MDF 20*30
089	true	Cuadro Romantic Pink MDF 30*40
110	true	Cuadro Mold 03 Vintage 13*18
112	true	Cuadro Mold 03 Vintage 30*40
113	true	Cuadro Mold 03 Vintage 20*20
114	true	Cuadro Mold 03 Vintage 30*30
115	true	Cuadro Mold 03 Vintage 10*25
118	true	Cuadro Mold 03 Vintage 40*50
119	true	Cuadro Mold 03 Vintage 20*50
120	true	Cuadro Mold 03 Feminine 20*30
121	true	Cuadro Mold 03 Romantic Pink 20*30
122	true	Cuadro Mold 03 Feminine 30*40
123	true	Cuadro Mold 03 Romantic Pink 30*40
125	true	Cuadro Mold 03 Vintage 15*21
126	true	Cuadro Mold 03 Vintage 20*30
127	true	Cuadro Mold 03 Vintage 13*40
130	true	Cuadro Mold 03 Nature 10*30
132	true	Cuadro Mold 03 Nature 20*30
133	true	Cuadro Mold 03 Nature 30*30
134	true	Cuadro Mold 03 Nature 30*40
135	true	Cuadro Mold 03 Nature 40*50
136	true	Cuadros Mold 03 Set x3 Botanica 30*40,20*30,15*21
137	true	Cuadro Mold 03 Botanica 30*40
140	true	Cuadro Mold 03 B&W 10*30
141	true	Cuadro Mold 03 B&W 20*30
142	true	Cuadro Mold 03 B&W 30*30
143	true	Cuadro Mold 03 B&W 30*40
144	true	Cuadro Mold 03 Infantil 20*30
145	true	Cuadro Mold 03 Infantil 30*30
146	true	Cuadro Mold 03 B&W 30*70
147	true	Cuadro Mold 03 B&W 13*18
148	true	Cuadro Mold 03 B&W 20*20
149	true	Cuadro Mold 03 B&W 13*40
150	true	Perchero Mold 03 Cactus 15*21
151	true	Cuadro Mold 03 Cactus 15*21
152	true	Cuadro Mold 03 Cactus 3D 15*21
153	true	Cuadro Mold 03 Cactus 20*30
154	true	Cuadro Mold 03 Grey Shadows 10*30
155	true	Cuadro Mold 03 Grey Shadows 20*30
156	true	Cuadro Mold 03 Grey Shadows 30*30
157	true	Cuadro Mold 03 Grey Shadows 30*40
160	true	Porta Foto Broche X3 29*67.5
162	true	Porta Foto Broche X2 27*62
163	true	Porta Foto Broche X8 40*50
164	true	Cuadro Mold 03 Nordico 10*30
165	true	Cuadro Mold 03 Nordico 20*30
166	true	Cuadro Mold 03 Nordico 30*30
167	true	Cuadro Mold 03 Nordico 30*40
169	true	Cuadro Mold 03 Geometrico 30*40
170	true	Cuadro Mold 03 Suculentas y Cactus 13*18
171	true	Cuadro Mold 03 Suculentas y Cactus 20*20
173	true	Cuadro Mold 03 Grafic Work 10*30
174	true	Cuadro Mold 03 Grafic Work 20*30
176	true	Cuadro Mold 03 Grafic Work 30*40
180	true	Cuadro Mold 03 Ciudades 10*30
181	true	Cuadro Mold 03 Ciudades 20*30
182	true	Cuadro Mold 03 Ciudades 30*30
183	true	Cuadro Mold 03 Ciudades 30*40
184	true	Cuadro Mold 03 Ciudades 40*50
185	true	Cuadro Mold 03 Sunshine 10*30
186	true	Cuadro Mold 03 Sunshine 20*30
187	true	Cuadro Mold 03 Sunshine 30*30
188	true	Cuadro Mold 03 Sunshine 30*40
189	true	Cuadro Mold 03 Ciudades Color 30*40
192	true	Diploma Mold 03 c/Vidrio 30*40
211	true	Cuadro Mold 03 Fashion 20*30
213	true	Cuadro Mold 03 Fashion 30*40
214	true	Diploma Mold 012 c/Vidrio 30*40
215	true	Cuadro Mold 03 Beach 10*30
216	true	Cuadro Mold 03 Beach 20*30
217	true	Cuadro Mold 03 Beach 30*30
218	true	Cuadro Mold 03 Beach 30*40
220	true	Porta Gigante Mold 30mm 60*80
221	true	Porta Gigante Mold 30mm 60*100
222	true	Porta Gigante Mold 30mm 50*60
223	true	Porta Gigante Mold 30mm 40*50
224	true	Porta Gigante Mold 30mm 30*40
227	true	Cuadro Mold 30mm Vintage c/Vidrio 20*30
228	true	Cuadro Mold 30mm Vintage c/Vidrio 30*40
229	true	Cuadro Mold 30mm Vintage c/Vidrio 40*50
230	true	Cuadro Mold 03 Lettering 10*30
231	true	Cuadro Mold 03 Lettering 20*30
232	true	Cuadro Mold 03 Lettering 30*30
233	true	Cuadro Mold 03 Lettering 30*40
237	true	Cuadro Mold 30mm Vintage 50*70
241	true	Cuadro Mold 03 Terra 20*30
242	true	Cuadro Mold 03 Terra 30*30
243	true	Cuadro Mold 03 Terra 30*40
244	true	Cuadro Mold 03 Bauhaus 20*30
245	true	Cuadro Mold 03 Bauhaus 30*40
246	true	Cuadro Mold 03 Matisse 15*21
247	true	Cuadro Mold 03 Matisse 20*30
248	true	Cuadro Mold 03 Matisse 30*40
249	true	Cuadro 3P Arpillera 30*40
250	true	Cuadro 3P Arpillera 40*50
251	true	Cuadro Mold 03 Smiley 20*30
253	true	Cuadro Mold 03 Grafitti 20*30
254	true	Cuadro Mold 03 Grafitti 30*40
255	true	Cuadro Mold 03 Typography 20*30
256	true	Cuadro Mold 03 Typography 30*40
275	true	Cuadro 3P Lino 30*40
276	true	Cuadro 3P Lino 40*50
281	true	Multiple X6 Mold 012 10*10x2+10*15*2+13*18x2
283	true	Multiple X4 Mold 012 10*15 x4
303	true	Letrero 4 Tablas Mold 70mm Sublimado
307	true	Arbolito con Soga Mold 045
310	true	Cuadro Mold 30mm Cactus Colgante Llaves 20*25
311	true	Multiple Mold 012 13*18x4
312	true	Multiple Mold 012 15*21x4
313	true	Cuadro Mold 30mm Colgante Bijou 25*35
314	true	Porta Broche Metalico x3 Vertical 70*10
335	true	Porta Mold 045 Vintage 10*15
336	true	Porta Mold 045 Vintage 13*18
343	true	Porta Mold 045 Decapado 10*15
346	true	Porta Cubo Colgante 15*21
348	true	Porta Cubo Colgante 30*40
362	true	Porta Elegance 020 10*15
366	true	Porta Elegance 021 10*15
370	true	Porta Elegance 022 10*15
374	true	Porta Elegance 023 10*15
378	true	Porta Elegance 024 10*15
390	true	Cuadro Mold 03 Cocina Geometrica 20*30
391	true	Cuadro Mold 03 Cocina Geometrica 30*30
392	true	Cuadro Mold 03 Cocina Geometrica 30*40
393	true	Cuadro Mold 03 Hojas Verdes 20*30
394	true	Cuadro Mold 03 Hojas Verdes 30*40
395	true	Cuadro Mold 03 Blanco y Negro 20*30
396	true	Cuadro Mold 03 Blanco y Negro 30*40
397	true	Cuadro Mold 03 Abstracto 20*30
398	true	Cuadro Mold 03 Abstracto 30*40
400	true	Porta Mold 012 Pampa 10*15
402	true	Porta Mold 012 Pampa 13*18
403	true	Cuadros Mold 03 Set x3 Boho 30*40,20*30,15*21
404	true	Cuadros Mold 03 Set x3 Matisse 30*40,20*30,15*21
405	true	Cuadros Mold 03 Set x3 Calm 20*30,30*40,40*50
406	true	Cuadros Mold 03 Set x3 Bauhuas 20*30,30*40,40*50
407	true	Cuadros Mold 03 Set x3 Terra 30*40,20*30,15*21
408	true	Cuadros Mold 03 Set x3 Nature 30*40,20*30,15*21
409	true	Cuadros Mold 03 Set x3 Ciudades 30*40,20*30,15*21
410	true	Cuadros Mold 03 Set x3 Nature 20*30,30*40,40*50
411	true	Cuadros Mold 03 Set x3 Ciudades 20*30,30*40,40*50
412	true	Cuadros Mold 03 Set x3 Artemisa 30*40,20*30,15*21
414	true	Cuadro Mold 03 Animales ByN 20*30
416	true	Cuadro Mold 03 Animales ByN 40*50
417	true	Cuadro Mold 03 Artemisa 30*40
419	true	Cuadro Mold 03 Pink 30*40
420	true	Cuadro Mold 03 Wine 20*30
421	true	Cuadro Mold 03 Wine 30*40
427	true	Cuadro Mold 03 Coffee Break 20*30
428	true	Cuadro Mold 03 Coffee Break 30*40
444	true	Cuadro Mold 03 Frases 10*30
445	true	Cuadro Mold 03 Plumas 20*30
446	true	Cuadro Mold 03 Plumas 30*30
447	true	Cuadro Mold 03 Plumas 30*40
448	true	Cuadro Mold 03 Frases 20*30
449	true	Cuadro Mold 03 Frases 30*30
450	true	Cuadro Mold 03 Frases 30*40
451	true	Cuadro Mold 03 Infantil 20*20
452	true	Bandeja manija/mad Mold 012 Infantil 20*20
455	true	Cuadro Mold 03 Colores 20*30
456	true	Bandeja manija/mad Mold 012 Colores 13*30
457	true	Cuadro Mold 03 Back to School 30*40
459	true	Cuadro Mold 03 Café Pastel 20*30
460	true	Cuadro Mold 03 Café Pastel 30*40
461	true	Cuadro Mold 03 Ciudades Letra Color 20*30
462	true	Cuadro Mold 03 Ciudades Letra Color 30*40
463	true	Cuadro Mold 03 Abstracto Naranja 20*30
464	true	Cuadro Mold 03 Abstracto Naranja 30*40
465	true	Cuadro Mold 03 Pizza 20*30
466	true	Cuadro Mold 03 Pizza 30*40
514	true	Bandeja borde Madera 20*30*7
514G	true	Bandeja Galv Madera 20*30*7
515	true	Bandeja borde Madera 15*25*5
515G	true	Bandeja Galv Madera 15*25*5
516	true	Bandeja borde Madera 10*20*7
516G	true	Bandeja Galv Madera 10*20*7
517	true	Bandeja borde Madera 10*10*7
517G	true	Bandeja Galv Madera 10*10*7
518	true	Set x3 Bandeja Madera 20*30*7+15*25*5+10*20*7
518G	true	Set x3 Bandeja Galv Madera 20*30*7+15*25*5+10*20*7
519	true	Set x4 Bandeja Madera 20*30*7+15*25*5+2x10*10*7
519G	true	Set x4 Bandeja Galv Madera 20*30*7+15*25*5+2x10*10*7
520	true	Bandeja Metalica 27x12x3
526	true	Mini Cartel con Pie Mold 045
527	true	Cartel Flecha 9*40
534	true	Bandeja 13x30
535	true	Bandeja manija/mad Mold 012 Vintage 20*20
535W	true	Bandeja manija/mad Mold 012 Power Woman 20*20
536	true	Bandeja manija/mad Mold 012 Vintage 13*30
537	true	Bandeja Mold 045 Nature Blanca 25*35
538	true	Bandeja manija/mad Mold 012 Vintage 30*30
540	true	Bandeja de Cama Mold 012 Nature 30*40
541	true	Bandeja Mold 045 Vintage Asas de Cuero 25*35
542	true	Bandeja de Cama Mold 012 Vintage 30*40
543	true	Bandeja de Cama Mold 012 Vintage 33*50
545	true	Bandeja Notebook 52*30
546	true	Bandeja Mold 045 Vintage Blanca 30*30
547	true	Bandeja de Cama Mami Mold 012 30*40
548	true	Bandeja Mold 045 Vintage Blanca 25*35
549	true	Bandeja Manij/mad Mami 012 20*20
550	true	Porta Filete Dorado Mold 012 10*15
553	true	Porta Filete Plata Mold 012 10*15
556	true	Cajon Porta Cubiertos 30*40
557	true	Secaplatos Madera 44*28
563	true	Cajon 2 Tablas Mold 045 Vintage 15*21
564	true	Cajon 2 Tablas Mold 045 Vintage 20*30
565	true	Cajon 2 Tablas Mold 045 Vintage 25*35
583	true	Cajon 2 Tablas Mold 045 Natural c/Grabado 15*21
584	true	Cajon 2 Tablas Mold 045 Natural c/Grabado 20*30
585	true	Cajon 2 Tablas Mold 045 Natural c/Grabado 25*35
604	true	Porta Mold 012 c/Soga 10*15
605	true	Porta Mold 012 c/Soga 13*18
606	true	Porta Mold 012 c/Soga 10*15x2
607	true	Porta Mold 012 c/Soga 10*15x3
608	true	Porta Mold 012 c/Soga 13*18x2
609	true	Porta Mold 012 c/Soga 13*18x3
615	true	Org.Canasta Cubiertero&Servilletero M10cm
619	true	Cesto de Algodón Natural 23*3
620	true	Cesto de Algodón Natural 18*3
621	true	Cesto de Algodón Natural 14*3
622	true	Cesto de Algodón Natural + Melange 24*6
623	true	Cesto de Algodón Natural + Melange 22*6
625	true	Cesto de Algodón Combinado 18*10
626	true	Cesto de Algodón Melange 25*15
631	true	Cuelga Llaves
632	true	Percheros
636	true	Cuelga Correa Mold 03 Pet 15*21
637	true	Cuadro Mold 03 Pet 20*25
640	true	Porta Atril Mold 20mm 10*15 H
641	true	Porta Atril Mold 20mm 10*15 V
642	true	Porta Atril Mold 20mm 13*18 H
645	true	Porta Atril Mold 20mm Blanco Sublimado 10*15 V
649	true	Cajon 3 Tablas Beige 25*35
650	true	Cajon 3 Tablas Marron 25*35
651	true	Cajon 2 Tablas Deli Market 15*21
652	true	Cajon 2 Tablas Planta 20*30
653	true	Cajon 2 Tablas Coffee Club 25*35
660	true	Set Organizador de Cajones x4
661	true	Caja de Té 3 Posiciones 10*25
662	true	Caja de Te 6 Posiciones 18*25
663	true	Caja de Te 9 Posiciones 28*25
690	true	Porta Mold 05 10*15
691	true	Porta Mold 05 13*18
692	true	Porta Mold 05 15*21
693	true	Porta Mold 05 20*25
694	true	Porta Mold 05 20*30
710	true	Porta Mold 012 10*15
711	true	Porta Mold 012 13*18
712	true	Porta Mold 012 15*21
713	true	Porta Mold 012 20*25
714	true	Porta Mold 012 20*30
740	true	Porta Griego Mold 012 10*15 H
741	true	Porta Griego Mold 012 10*15 V
743	true	Porta Griego Mold 012 13*18 V
744	true	Porta Griego Mold 012 15*21 H
745	true	Porta Griego Mold 012 15*21 V
780	true	Porta Mold 03 10*15
781	true	Porta Mold 03 13*18
781E	true	Porta Mold 03 Caja Exhibidora 13*18
782	true	Porta Mold 03 15*21
782E	true	Porta Mold 03 Caja Exhibidora 15*21
783	true	Porta Mold 03 20*25
784	true	Porta Mold 03 20*30
790	true	Porta Mold 30mm Blanco 10*15
791	true	Porta Mold 30mm Blanco 13*18
792	true	Porta Mold 30mm Blanco 15*21
793	true	Porta Mold 30mm Blanco 20*25
794	true	Porta Mold 30mm Blanco 20*30
814	true	Porta Mold 30mm Cubo 10*15
815	true	Porta Mold 30mm Cubo 13*18
816	true	Porta Mold 30mm Cubo 15*21
817	true	Cuadro Mold 03 Café 20*30
818	true	Bandeja manija/mad Mold 12 Café 13*30
863	true	Frasco de Vidrio Hermetico con Tapa de Bambu y Silicona 700ml
864	true	Frasco de Vidrio Hermetico con Tapa de Bambu y Silicona 900ml
865	true	Frasco de Vidrio Hermetico con Tapa de Bambu y Silicona 1100ml
866	true	Frasco de Vidrio Hermetico con Tapa de Bambu y Silicona 1300ml
867	true	Espejo Mold 03 30*40
868	true	Espejo Mold 03 40*50
869	true	Jarron Duo Rayas Ceramica Blanco 19x15x8cm
870	true	Jarron Duo Rayas Ceramica Negro 23x18.5x8.5cm
871	true	Espejo Blanco 30mm 30*90
872	true	Espejo Blanco 30mm 40*60
874	true	Espejo Blanco 30mm 50*50
876	true	Espejo Blanco 30mm 120*30
877	true	Espejo Negro 30mm 30*90
878	true	Espejo Negro 30mm 40*60
879	true	Espejo Negro 30mm 50*50
880	true	Espejo Negro 30mm 120*30
891	true	Porta Sahumerio 20*5*5
895	true	Porta Difusor 10*12*7
896	true	Porta Cepillo y Pasta 19*8*7
898	true	Estante Zen 20cm 20*10*5
899	true	Estante Zen 15cm 15*10*5
900	true	Set x 3 Cestos de Bambu y Algodon 30x20x12cm - 25x15x10cm - 10x10x8cm
901	true	Canasto de Hierro con Manijas de Madera 39.5x24.5x18cm
902	true	Set x 3 Canastos Hierro Manijas Madera 36x22x16.5cm - 31x21x13.5cm - 24.5x17.5x11cm
903	true	Libro "Vogue" Decorativo 27x17x4cm
904	true	Libro "Louis Vuitton" Decorativo 27x17x4cm
905	true	Libro "Style" Decorativo 27x17x4cm
906	true	Libro "Fashion" Decorativo 27x17x4cm
907	true	Libro "New York" Organizador con Tapa Magnetica 27x17x4cm
908	true	Maceta "Praga" 7.5x7cm
909	true	Maceta "Berlin" 7.5x7cm
910	true	Jarron Vidrio Negro Fume y Madera Redondo 10x20cm
911	true	Jarron Vidrio y Madera Redondo 10x25cm
912	true	Jarron Vidrio Negro Fume y Madera Cuadrado 8x20cm
913	true	Jarron Vidrio Negro Fume y Madera Cuadrado 8x25cm
914	true	Jarron Organico Rayas de Vidrio Gris 18x20cm
915	true	Jarron Organico Rayas de Vidrio Gris 16x30cm
916	true	Individual "Circle" PP Negro 38cm
917	true	Individual "Circle" PP Azul Marino 38cm
918	true	Individual "Circle" PP Dorado 38cm
920	true	Jabonera 1 Pieza 11*7*2
921	true	Porta Vela Chico 9*9*7
922	true	Porta Vela Grande 12*16*10
